insert  into sys_site_object values (300, 100, 1, 0, 0, 0, 0, 'en', 'test', 'object 1', 10)
insert  into sys_site_object values (301, 100, 1, 0, 0, 0, 0, 'en', 'test', 'object 2', 10)
insert  into sys_site_object values (302, 100, 1, 0, 0, 0, 0, 'en', 'test', 'object 3', 10)
insert  into sys_site_object values (303, 100, 1, 0, 0, 0, 0, 'en', 'test', 'object 4', 10)
insert  into sys_action_access values (1, 10, 'display', 100, 0)
insert  into sys_action_access values (2, 10, 'create', 100, 0)
insert  into sys_action_access values (3, 10, 'edit', 100, 0)
insert  into sys_action_access values (4, 10, 'display', 110, 0)
insert  into sys_action_access values (5, 11, 'display', 100, 0)
insert  into sys_action_access values (6, 11, 'display', 110, 0)
insert  into sys_action_access values (7, 12, 'create', 100, 0)
insert  into sys_action_access values (8, 12, 'edit', 100, 0)
insert  into sys_action_access values (9, 12, 'create', 110, 0)
insert  into sys_action_access values (10, 10, 'create', 200, 1)
insert  into sys_action_access values (11, 10, 'edit', 200, 1)
insert  into sys_action_access values (12, 10, 'delete', 200, 1)
insert  into sys_action_access values (13, 12, 'delete', 210, 1)
insert  into sys_object_access values (1, 300, 100, 1, 0)
insert  into sys_object_access values (2, 301, 100, 1, 0)
insert  into sys_object_access values (3, 302, 100, 1, 0)
insert  into sys_object_access values (4, 303, 100, 0, 0)
insert  into sys_object_access values (5, 300, 110, 1, 0)
insert  into sys_object_access values (6, 301, 110, 1, 0)
insert  into sys_object_access values (7, 302, 110, 0, 0)
insert  into sys_object_access values (8, 303, 110, 1, 0)
insert  into sys_object_access values (9, 300, 200, 1, 1)
insert  into sys_object_access values (10, 303, 200, 0, 1)
insert  into sys_object_access values (11, 300, 210, 1, 1)
insert  into sys_object_access values (12, 302, 210, 1, 1)
insert  into sys_access_template (id, controller_id, action_name, accessor_type) values (1, 10, 'create', 0)
insert  into sys_access_template (id, controller_id, action_name, accessor_type) values (2, 11, 'create', 0)
insert  into sys_access_template_item (id, template_id, accessor_id, access) values (1, 1, 100, 1)
insert  into sys_access_template_item (id, template_id, accessor_id, access) values (2, 1, 110, 1)
insert  into sys_access_template_item (id, template_id, accessor_id, access) values (3, 2, 100, 1)
insert  into sys_access_template_item (id, template_id, accessor_id, access) values (4, 2, 110, 1)
insert  into sys_access_template (id, controller_id, action_name, accessor_type) values (11, 11, 'create', 1)
insert  into sys_access_template (id, controller_id, action_name, accessor_type) values (12, 11, 'publish', 1)
insert  into sys_access_template (id, controller_id, action_name, accessor_type) values (13, 12, 'create', 1)
insert  into sys_access_template_item (id, template_id, accessor_id, access) values (11, 11, 200, 1)
insert  into sys_access_template_item (id, template_id, accessor_id, access) values (12, 11, 210, 1)
insert  into sys_access_template_item (id, template_id, accessor_id, access) values (13, 12, 200, 1)
insert  into sys_access_template_item (id, template_id, accessor_id, access) values (14, 12, 210, 0)
insert  into sys_access_template_item (id, template_id, accessor_id, access) values (15, 13, 200, 1)
insert  into sys_access_template_item (id, template_id, accessor_id, access) values (16, 13, 210, 0)