insert  into sys_site_object (id, behaviour_id, current_version, modified_date, status, created_date, creator_id, locale_id, title, identifier) values (300, 10, 1, 0, 0, 0, 0, 'en', 'test', 'object 1')
insert  into sys_site_object (id, behaviour_id, current_version, modified_date, status, created_date, creator_id, locale_id, title, identifier) values (301, 10, 1, 0, 0, 0, 0, 'en', 'test', 'object 2')
insert  into sys_site_object (id, behaviour_id, current_version, modified_date, status, created_date, creator_id, locale_id, title, identifier) values (302, 10, 1, 0, 0, 0, 0, 'en', 'test', 'object 3')
insert  into sys_site_object (id, behaviour_id, current_version, modified_date, status, created_date, creator_id, locale_id, title, identifier) values (303, 11, 1, 0, 0, 0, 0, 'en', 'test', 'object 4')

insert  into sys_action_access (id, behaviour_id, action_name, accessor_id, accessor_type) values (1, 10, 'display', 100, 0)
insert  into sys_action_access (id, behaviour_id, action_name, accessor_id, accessor_type) values (2, 10, 'create', 100, 0)
insert  into sys_action_access (id, behaviour_id, action_name, accessor_id, accessor_type) values (3, 10, 'edit', 100, 0)
insert  into sys_action_access (id, behaviour_id, action_name, accessor_id, accessor_type) values (4, 10, 'display', 110, 0)
insert  into sys_action_access (id, behaviour_id, action_name, accessor_id, accessor_type) values (5, 11, 'display', 100, 0)
insert  into sys_action_access (id, behaviour_id, action_name, accessor_id, accessor_type) values (6, 11, 'display', 110, 0)
insert  into sys_action_access (id, behaviour_id, action_name, accessor_id, accessor_type) values (7, 10, 'create', 200, 1)
insert  into sys_action_access (id, behaviour_id, action_name, accessor_id, accessor_type) values (8, 10, 'edit', 200, 1)
insert  into sys_action_access (id, behaviour_id, action_name, accessor_id, accessor_type) values (9, 10, 'delete', 200, 1)

insert  into sys_object_access (id, object_id, accessor_id, access, accessor_type) values (1, 300, 100, 1, 0)
insert  into sys_object_access (id, object_id, accessor_id, access, accessor_type) values (2, 301, 100, 1, 0)
insert  into sys_object_access (id, object_id, accessor_id, access, accessor_type) values (3, 302, 100, 1, 0)
insert  into sys_object_access (id, object_id, accessor_id, access, accessor_type) values (4, 303, 100, 0, 0)
insert  into sys_object_access (id, object_id, accessor_id, access, accessor_type) values (5, 300, 110, 1, 0)
insert  into sys_object_access (id, object_id, accessor_id, access, accessor_type) values (6, 301, 110, 1, 0)
insert  into sys_object_access (id, object_id, accessor_id, access, accessor_type) values (7, 302, 110, 0, 0)
insert  into sys_object_access (id, object_id, accessor_id, access, accessor_type) values (8, 303, 110, 1, 0)
insert  into sys_object_access (id, object_id, accessor_id, access, accessor_type) values (9, 300, 200, 1, 1)
insert  into sys_object_access (id, object_id, accessor_id, access, accessor_type) values (10, 303, 200, 0, 1)
insert  into sys_object_access (id, object_id, accessor_id, access, accessor_type) values (11, 302, 210, 1, 1)
insert  into sys_object_access (id, object_id, accessor_id, access, accessor_type) values (12, 303, 210, 1, 1)
